<?xml version="1.0" encoding="UTF-8"?>
<project-private xmlns="http://www.netbeans.org/ns/project-private/1">
    <editor-bookmarks xmlns="http://www.netbeans.org/ns/editor-bookmarks/2" lastBookmarkId="0"/>
    <open-files xmlns="http://www.netbeans.org/ns/projectui-open-files/2">
        <group>
            <file>file:/C:/Users/primo/Documents/NetBeansProjects/Decipher_/web/adExpert.jsp</file>
            <file>file:/C:/Users/primo/Documents/NetBeansProjects/Decipher_/web/answered.jsp</file>
            <file>file:/C:/Users/primo/Documents/NetBeansProjects/Decipher_/web/answerUser.jsp</file>
            <file>file:/C:/Users/primo/Documents/NetBeansProjects/Decipher_/src/java/expertLoginSer.java</file>
            <file>file:/C:/Users/primo/Documents/NetBeansProjects/Decipher_/web/allQuestion.jsp</file>
            <file>file:/C:/Users/primo/Documents/NetBeansProjects/Decipher_/web/adUser.jsp</file>
            <file>file:/C:/Users/primo/Documents/NetBeansProjects/Decipher_/web/adminLogin.jsp</file>
            <file>file:/C:/Users/primo/Documents/NetBeansProjects/Decipher_/web/adminDashboard.jsp</file>
            <file>file:/C:/Users/primo/Documents/NetBeansProjects/Decipher_/src/java/userLoginSer.java</file>
            <file>file:/C:/Users/primo/Documents/NetBeansProjects/Decipher_/web/contact.jsp</file>
            <file>file:/C:/Users/primo/Documents/NetBeansProjects/Decipher_/web/userLogin.jsp</file>
            <file>file:/C:/Users/primo/Documents/NetBeansProjects/Decipher_/web/index.jsp</file>
            <file>file:/C:/Users/primo/Documents/NetBeansProjects/Decipher_/web/askQuestion.jsp</file>
            <file>file:/C:/Users/primo/Documents/NetBeansProjects/Decipher_/web/adLogout.jsp</file>
            <file>file:/C:/Users/primo/Documents/NetBeansProjects/Decipher_/web/adCategory.jsp</file>
            <file>file:/C:/Users/primo/Documents/NetBeansProjects/Decipher_/web/userSignUp.jsp</file>
            <file>file:/C:/Users/primo/Documents/NetBeansProjects/Decipher_/src/java/userSignUpSer.java</file>
            <file>file:/C:/Users/primo/Documents/NetBeansProjects/Decipher_/web/adBlockUser.jsp</file>
            <file>file:/C:/Users/primo/Documents/NetBeansProjects/Decipher_/web/expertLogin.jsp</file>
            <file>file:/C:/Users/primo/Documents/NetBeansProjects/Decipher_/web/userDashboard.jsp</file>
            <file>file:/C:/Users/primo/Documents/NetBeansProjects/Decipher_/src/java/adminLoginSer.java</file>
            <file>file:/C:/Users/primo/Documents/NetBeansProjects/Decipher_/web/adRegisterExpert.jsp</file>
        </group>
    </open-files>
</project-private>
